,State,1990,1991,1992,1993,1994,1995,1996,1997,1998,1999,2000,2001,2002,2003,2004,2005,2006,2007,2008,2009,2010,2011,2012,2013,2014,2015,2016,Percent,Absolute,Longitude,Latitude,Percent_Change_1991_1990,Percent_Change_1992_1990,Percent_Change_1993_1990,Percent_Change_1994_1990,Percent_Change_1995_1990,Percent_Change_1996_1990,Percent_Change_1997_1990,Percent_Change_1998_1990,Percent_Change_1999_1990,Percent_Change_2000_1990,Percent_Change_2001_1990,Percent_Change_2002_1990,Percent_Change_2003_1990,Percent_Change_2004_1990,Percent_Change_2005_1990,Percent_Change_2006_1990,Percent_Change_2007_1990,Percent_Change_2008_1990,Percent_Change_2009_1990,Percent_Change_2010_1990,Percent_Change_2011_1990,Percent_Change_2012_1990,Percent_Change_2013_1990,Percent_Change_2014_1990,Percent_Change_2015_1990,Percent_Change_2016_1990
0,Alabama,111,115,123,127,125,133,139,136,136,138,144,135,140,141,144,146,148,150,142,122,135,132,125,123,125,122,116,4.2%,5,-86.68348391132949,32.624818960315395,3.6036036036036037,10.81081081081081,14.414414414414415,12.612612612612612,19.81981981981982,25.225225225225223,22.52252252252252,22.52252252252252,24.324324324324326,29.72972972972973,21.62162162162162,26.126126126126124,27.027027027027028,29.72972972972973,31.53153153153153,33.33333333333333,35.13513513513514,27.927927927927925,9.90990990990991,21.62162162162162,18.91891891891892,12.612612612612612,10.81081081081081,12.612612612612612,9.90990990990991,4.504504504504505
1,Alaska,35,36,37,37,37,42,42,42,44,44,45,44,44,44,48,49,47,45,40,39,39,39,39,37,36,37,35,0.1%,0,-154.1049168421551,61.49463399160149,2.857142857142857,5.714285714285714,5.714285714285714,5.714285714285714,20.0,20.0,20.0,25.71428571428571,25.71428571428571,28.57142857142857,25.71428571428571,25.71428571428571,25.71428571428571,37.142857142857146,40.0,34.285714285714285,28.57142857142857,14.285714285714285,11.428571428571429,11.428571428571429,11.428571428571429,11.428571428571429,5.714285714285714,2.857142857142857,5.714285714285714,0.0
2,Arizona,63,64,68,70,72,67,69,72,78,82,87,90,89,91,98,98,101,103,104,95,97,95,93,96,94,92,87,37.8%,24,-111.93368809976758,34.169779998700335,1.5873015873015872,7.936507936507936,11.11111111111111,14.285714285714285,6.349206349206349,9.523809523809524,14.285714285714285,23.809523809523807,30.158730158730158,38.095238095238095,42.857142857142854,41.269841269841265,44.44444444444444,55.55555555555556,55.55555555555556,60.317460317460316,63.49206349206349,65.07936507936508,50.79365079365079,53.96825396825397,50.79365079365079,47.61904761904761,52.38095238095239,49.2063492063492,46.03174603174603,38.095238095238095
3,Arkansas,51,50,52,51,55,59,61,60,62,64,64,64,62,63,63,61,63,64,65,62,67,68,67,69,70,60,63,21.9%,11,-92.13136814730896,34.751481341407754,-1.9607843137254901,1.9607843137254901,0.0,7.8431372549019605,15.686274509803921,19.607843137254903,17.647058823529413,21.568627450980394,25.49019607843137,25.49019607843137,25.49019607843137,21.568627450980394,23.52941176470588,23.52941176470588,19.607843137254903,23.52941176470588,25.49019607843137,27.450980392156865,21.568627450980394,31.372549019607842,33.33333333333333,31.372549019607842,35.294117647058826,37.254901960784316,17.647058823529413,23.52941176470588
4,California,363,350,356,344,361,349,348,350,362,366,382,387,385,374,393,390,398,403,387,374,368,353,359,361,357,365,363,0.1%,0,-119.2589342005981,37.268986550836104,-3.581267217630854,-1.9283746556473829,-5.234159779614325,-0.5509641873278237,-3.8567493112947657,-4.132231404958678,-3.581267217630854,-0.27548209366391185,0.8264462809917356,5.234159779614325,6.6115702479338845,6.0606060606060606,3.0303030303030303,8.264462809917356,7.43801652892562,9.641873278236915,11.019283746556475,6.6115702479338845,3.0303030303030303,1.3774104683195594,-2.7548209366391188,-1.1019283746556474,-0.5509641873278237,-1.6528925619834711,0.5509641873278237,0.0
5,Colorado,66,67,69,72,73,73,76,76,79,81,85,94,92,91,95,97,98,100,98,94,97,93,92,92,93,92,90,36.1%,24,-105.54653433386613,38.996184486814,1.5151515151515151,4.545454545454546,9.090909090909092,10.606060606060606,10.606060606060606,15.151515151515152,15.151515151515152,19.696969696969695,22.727272727272727,28.78787878787879,42.42424242424242,39.39393939393939,37.878787878787875,43.93939393939394,46.96969696969697,48.484848484848484,51.515151515151516,48.484848484848484,42.42424242424242,46.96969696969697,40.909090909090914,39.39393939393939,39.39393939393939,40.909090909090914,39.39393939393939,36.36363636363637
6,Connecticut,41,40,41,39,38,37,40,43,41,42,43,42,41,43,45,45,42,41,38,36,37,35,35,35,36,37,34,-16.5%,-7,-72.75674325127324,41.52291024542333,-2.4390243902439024,0.0,-4.878048780487805,-7.317073170731707,-9.75609756097561,-2.4390243902439024,4.878048780487805,0.0,2.4390243902439024,4.878048780487805,2.4390243902439024,0.0,4.878048780487805,9.75609756097561,9.75609756097561,2.4390243902439024,0.0,-7.317073170731707,-12.195121951219512,-9.75609756097561,-14.634146341463413,-14.634146341463413,-14.634146341463413,-12.195121951219512,-9.75609756097561,-17.073170731707318
7,Delaware,17,17,16,18,17,16,17,15,15,15,16,16,15,16,16,17,16,17,16,12,11,12,14,13,13,13,13,-19.5%,-3,-75.41835880264054,39.14486060367366,0.0,-5.88235294117647,5.88235294117647,0.0,-5.88235294117647,0.0,-11.76470588235294,-11.76470588235294,-11.76470588235294,-5.88235294117647,-5.88235294117647,-11.76470588235294,-5.88235294117647,-5.88235294117647,0.0,-5.88235294117647,0.0,-5.88235294117647,-29.411764705882355,-35.294117647058826,-29.411764705882355,-17.647058823529413,-23.52941176470588,-23.52941176470588,-23.52941176470588,-23.52941176470588
8,District of Columbia,4,4,4,5,5,4,4,4,4,4,4,4,4,4,4,4,3,3,3,3,3,3,3,3,3,3,3,-38.2%,-2,-77.01661651028331,38.89088754438629,0.0,0.0,25.0,25.0,0.0,0.0,0.0,0.0,0.0,0.0,0.0,0.0,0.0,0.0,0.0,-25.0,-25.0,-25.0,-25.0,-25.0,-25.0,-25.0,-25.0,-25.0,-25.0,-25.0
9,Florida,191,192,195,198,205,210,216,221,235,235,243,242,245,249,262,265,263,261,242,228,246,232,226,225,231,235,231,21.4%,41,-83.83831121052137,27.979766789918585,0.5235602094240838,2.094240837696335,3.664921465968586,7.329842931937172,9.947643979057592,13.089005235602095,15.706806282722512,23.036649214659686,23.036649214659686,27.225130890052355,26.701570680628272,28.272251308900525,30.36649214659686,37.17277486910995,38.7434554973822,37.696335078534034,36.64921465968586,26.701570680628272,19.3717277486911,28.79581151832461,21.465968586387437,18.32460732984293,17.801047120418847,20.94240837696335,23.036649214659686,20.94240837696335
10,Georgia,141,133,133,142,145,153,157,158,160,163,171,163,168,171,177,187,185,187,175,165,174,158,138,136,141,139,137,-2.6%,-4,-83.25185689899675,32.68082922876843,-5.673758865248227,-5.673758865248227,0.7092198581560284,2.8368794326241136,8.51063829787234,11.347517730496454,12.056737588652481,13.47517730496454,15.602836879432624,21.27659574468085,15.602836879432624,19.148936170212767,21.27659574468085,25.53191489361702,32.62411347517731,31.20567375886525,32.62411347517731,24.113475177304963,17.02127659574468,23.404255319148938,12.056737588652481,-2.127659574468085,-3.546099290780142,0.0,-1.4184397163120568,-2.8368794326241136
11,Hawaii,22,20,21,19,20,20,19,19,19,19,19,19,21,22,23,23,24,24,20,19,19,20,19,19,19,19,19,-14.9%,-3,-157.516751085128,20.575453090217934,-9.090909090909092,-4.545454545454546,-13.636363636363635,-9.090909090909092,-9.090909090909092,-13.636363636363635,-13.636363636363635,-13.636363636363635,-13.636363636363635,-13.636363636363635,-13.636363636363635,-4.545454545454546,0.0,4.545454545454546,4.545454545454546,9.090909090909092,9.090909090909092,-9.090909090909092,-13.636363636363635,-13.636363636363635,-9.090909090909092,-13.636363636363635,-13.636363636363635,-13.636363636363635,-13.636363636363635,-13.636363636363635
12,Idaho,11,12,12,13,13,14,14,14,14,15,16,16,15,15,16,16,16,17,16,15,16,16,16,17,17,18,18,60.9%,7,-114.14184603145196,45.49727499513972,9.090909090909092,9.090909090909092,18.181818181818183,18.181818181818183,27.27272727272727,27.27272727272727,27.27272727272727,27.27272727272727,36.36363636363637,45.45454545454545,45.45454545454545,36.36363636363637,36.36363636363637,45.45454545454545,45.45454545454545,45.45454545454545,54.54545454545454,45.45454545454545,36.36363636363637,45.45454545454545,45.45454545454545,45.45454545454545,54.54545454545454,54.54545454545454,63.63636363636363,63.63636363636363
13,Illinois,193,193,189,205,206,210,224,227,218,228,234,226,228,232,240,246,238,245,244,228,233,232,219,233,235,218,205,6.3%,12,-89.51209675156687,39.74809300028514,0.0,-2.072538860103627,6.217616580310881,6.7357512953367875,8.808290155440414,16.06217616580311,17.616580310880828,12.953367875647666,18.134715025906736,21.243523316062177,17.098445595854923,18.134715025906736,20.207253886010363,24.352331606217618,27.461139896373055,23.316062176165804,26.94300518134715,26.42487046632124,18.134715025906736,20.72538860103627,20.207253886010363,13.471502590673575,20.72538860103627,21.761658031088082,12.953367875647666,6.217616580310881
14,Indiana,207,203,200,205,204,210,214,218,220,226,239,229,232,238,238,237,235,235,230,207,219,212,197,203,208,188,183,-11.5%,-24,-86.44446799923963,39.770882296601854,-1.932367149758454,-3.3816425120772946,-0.966183574879227,-1.4492753623188406,1.4492753623188406,3.3816425120772946,5.314009661835748,6.280193236714976,9.178743961352657,15.458937198067632,10.628019323671497,12.077294685990339,14.975845410628018,14.975845410628018,14.492753623188406,13.526570048309178,13.526570048309178,11.11111111111111,0.0,5.797101449275362,2.4154589371980677,-4.830917874396135,-1.932367149758454,0.4830917874396135,-9.178743961352657,-11.594202898550725
15,Iowa,61,63,61,65,67,70,72,71,76,78,79,78,78,78,80,80,81,86,90,85,90,87,81,82,83,77,74,21.0%,13,-93.39175299369867,41.93670200422355,3.278688524590164,0.0,6.557377049180328,9.836065573770492,14.754098360655737,18.0327868852459,16.39344262295082,24.59016393442623,27.86885245901639,29.508196721311474,27.86885245901639,27.86885245901639,27.86885245901639,31.147540983606557,31.147540983606557,32.78688524590164,40.98360655737705,47.540983606557376,39.34426229508197,47.540983606557376,42.62295081967213,32.78688524590164,34.42622950819672,36.0655737704918,26.229508196721312,21.311475409836063
16,Kansas,70,68,66,72,72,70,75,72,71,75,77,72,78,79,77,73,73,81,75,74,73,71,67,70,70,65,62,-10.8%,-8,-98.32637995376103,38.49593176023882,-2.857142857142857,-5.714285714285714,2.857142857142857,2.857142857142857,0.0,7.142857142857142,2.857142857142857,1.4285714285714286,7.142857142857142,10.0,2.857142857142857,11.428571428571429,12.857142857142856,10.0,4.285714285714286,4.285714285714286,15.714285714285714,7.142857142857142,5.714285714285714,4.285714285714286,1.4285714285714286,-4.285714285714286,0.0,0.0,-7.142857142857142,-11.428571428571429
17,Kentucky,119,119,122,133,131,137,138,142,140,145,145,147,148,144,150,152,154,155,152,142,151,150,139,138,139,130,125,4.9%,6,-85.7639032059621,37.819317102676706,0.0,2.5210084033613445,11.76470588235294,10.084033613445378,15.126050420168067,15.966386554621847,19.327731092436977,17.647058823529413,21.84873949579832,21.84873949579832,23.52941176470588,24.369747899159663,21.008403361344538,26.05042016806723,27.73109243697479,29.411764705882355,30.252100840336134,27.73109243697479,19.327731092436977,26.89075630252101,26.05042016806723,16.80672268907563,15.966386554621847,16.80672268907563,9.243697478991598,5.042016806722689
18,Louisiana,197,195,202,205,211,211,215,223,209,208,228,201,210,206,218,209,221,226,229,212,224,227,215,206,204,206,210,7.0%,14,-91.53179415196468,30.981539061324924,-1.015228426395939,2.5380710659898478,4.060913705583756,7.1065989847715745,7.1065989847715745,9.137055837563452,13.19796954314721,6.091370558375635,5.583756345177665,15.736040609137056,2.030456852791878,6.598984771573605,4.568527918781726,10.65989847715736,6.091370558375635,12.18274111675127,14.720812182741117,16.243654822335024,7.614213197969544,13.705583756345177,15.228426395939088,9.137055837563452,4.568527918781726,3.5532994923857872,4.568527918781726,6.598984771573605
19,Maine,19,19,20,19,21,19,20,20,20,21,23,23,24,24,24,24,22,21,19,19,18,18,16,17,17,17,17,-14.3%,-3,-69.02839016064647,45.27219253062364,0.0,5.263157894736842,0.0,10.526315789473683,0.0,5.263157894736842,5.263157894736842,5.263157894736842,10.526315789473683,21.052631578947366,21.052631578947366,26.31578947368421,26.31578947368421,26.31578947368421,26.31578947368421,15.789473684210526,10.526315789473683,0.0,0.0,-5.263157894736842,-5.263157894736842,-15.789473684210526,-10.526315789473683,-10.526315789473683,-10.526315789473683,-10.526315789473683
20,Maryland,70,69,67,70,71,70,72,72,75,78,78,78,78,80,81,83,78,79,75,72,70,65,61,60,62,60,58,-17.9%,-13,-77.2677438959766,38.84785799541689,-1.4285714285714286,-4.285714285714286,0.0,1.4285714285714286,0.0,2.857142857142857,2.857142857142857,7.142857142857142,11.428571428571429,11.428571428571429,11.428571428571429,11.428571428571429,14.285714285714285,15.714285714285714,18.571428571428573,11.428571428571429,12.857142857142856,7.142857142857142,2.857142857142857,0.0,-7.142857142857142,-12.857142857142856,-14.285714285714285,-11.428571428571429,-14.285714285714285,-17.142857142857142
21,Massachusetts,85,83,86,82,83,80,80,86,85,83,83,83,84,86,84,86,78,81,78,71,73,69,63,66,65,66,65,-23.7%,-20,-71.70830989229938,42.062578593468544,-2.3529411764705883,1.1764705882352942,-3.5294117647058822,-2.3529411764705883,-5.88235294117647,-5.88235294117647,1.1764705882352942,0.0,-2.3529411764705883,-2.3529411764705883,-2.3529411764705883,-1.1764705882352942,1.1764705882352942,-1.1764705882352942,1.1764705882352942,-8.235294117647058,-4.705882352941177,-8.235294117647058,-16.470588235294116,-14.117647058823529,-18.823529411764707,-25.882352941176475,-22.35294117647059,-23.52941176470588,-22.35294117647059,-23.52941176470588
22,Michigan,181,180,180,180,187,190,195,192,192,201,196,192,192,188,191,194,182,184,178,167,167,162,155,164,164,164,153,-15.9%,-29,-86.41401781795821,44.93564504981842,-0.5524861878453038,-0.5524861878453038,-0.5524861878453038,3.314917127071823,4.972375690607735,7.734806629834254,6.077348066298343,6.077348066298343,11.049723756906078,8.287292817679557,6.077348066298343,6.077348066298343,3.867403314917127,5.524861878453039,7.18232044198895,0.5524861878453038,1.6574585635359116,-1.6574585635359116,-7.734806629834254,-7.734806629834254,-10.497237569060774,-14.3646408839779,-9.392265193370166,-9.392265193370166,-9.392265193370166,-15.469613259668508
23,Minnesota,79,79,81,85,87,90,95,92,93,94,99,96,98,102,102,103,100,102,101,94,93,93,88,91,96,89,90,13.1%,10,-93.38005476091803,46.43491611688506,0.0,2.5316455696202533,7.59493670886076,10.126582278481013,13.924050632911392,20.253164556962027,16.455696202531644,17.72151898734177,18.9873417721519,25.31645569620253,21.518987341772153,24.050632911392405,29.11392405063291,29.11392405063291,30.37974683544304,26.582278481012654,29.11392405063291,27.848101265822784,18.9873417721519,17.72151898734177,17.72151898734177,11.39240506329114,15.18987341772152,21.518987341772153,12.658227848101266,13.924050632911392
24,Mississippi,49,49,49,51,51,52,55,56,57,63,62,71,63,65,67,65,67,69,66,61,66,61,63,61,65,66,69,40.9%,20,-89.86707553977061,32.59998842943142,0.0,0.0,4.081632653061225,4.081632653061225,6.122448979591836,12.244897959183673,14.285714285714285,16.3265306122449,28.57142857142857,26.53061224489796,44.89795918367347,28.57142857142857,32.6530612244898,36.734693877551024,32.6530612244898,36.734693877551024,40.816326530612244,34.69387755102041,24.489795918367346,34.69387755102041,24.489795918367346,28.57142857142857,24.489795918367346,32.6530612244898,34.69387755102041,40.816326530612244
25,Missouri,103,104,103,102,109,117,123,126,131,132,127,132,133,139,140,144,142,141,137,132,135,136,128,134,133,124,118,14.6%,15,-92.43625670317988,38.299720386273066,0.9708737864077669,0.0,-0.9708737864077669,5.825242718446602,13.592233009708737,19.41747572815534,22.330097087378643,27.184466019417474,28.155339805825243,23.300970873786408,28.155339805825243,29.126213592233007,34.95145631067961,35.92233009708738,39.80582524271845,37.86407766990291,36.89320388349515,33.00970873786408,28.155339805825243,31.06796116504854,32.038834951456316,24.271844660194176,30.097087378640776,29.126213592233007,20.388349514563107,14.563106796116504
26,Montana,27,28,30,28,30,30,27,29,31,31,31,32,30,33,34,35,36,37,36,33,35,32,31,32,32,32,31,12.6%,3,-110.05330181148429,46.67683321059721,3.7037037037037033,11.11111111111111,3.7037037037037033,11.11111111111111,11.11111111111111,0.0,7.4074074074074066,14.814814814814813,14.814814814814813,14.814814814814813,18.51851851851852,11.11111111111111,22.22222222222222,25.925925925925924,29.629629629629626,33.33333333333333,37.03703703703704,33.33333333333333,22.22222222222222,29.629629629629626,18.51851851851852,14.814814814814813,18.51851851851852,18.51851851851852,18.51851851851852,14.814814814814813
27,Nebraska,33,34,33,36,36,39,40,41,44,42,42,43,43,44,44,44,45,45,47,48,51,53,51,54,53,51,49,47.3%,16,-99.68245830974189,41.49782864626212,3.0303030303030303,0.0,9.090909090909092,9.090909090909092,18.181818181818183,21.21212121212121,24.242424242424242,33.33333333333333,27.27272727272727,27.27272727272727,30.303030303030305,30.303030303030305,33.33333333333333,33.33333333333333,33.33333333333333,36.36363636363637,36.36363636363637,42.42424242424242,45.45454545454545,54.54545454545454,60.60606060606061,54.54545454545454,63.63636363636363,60.60606060606061,54.54545454545454,48.484848484848484
28,Nevada,31,33,34,34,37,36,38,38,41,42,46,45,42,44,49,51,42,42,42,40,38,34,35,37,38,36,37,19.1%,6,-117.0168584029363,38.49777575092568,6.451612903225806,9.67741935483871,9.67741935483871,19.35483870967742,16.129032258064516,22.58064516129032,22.58064516129032,32.25806451612903,35.483870967741936,48.38709677419355,45.16129032258064,35.483870967741936,41.935483870967744,58.06451612903226,64.51612903225806,35.483870967741936,35.483870967741936,35.483870967741936,29.03225806451613,22.58064516129032,9.67741935483871,12.903225806451612,19.35483870967742,22.58064516129032,16.129032258064516,19.35483870967742
29,New Hampshire,15,14,15,15,15,15,16,17,17,17,18,17,18,21,22,22,20,19,19,17,17,16,15,15,15,15,14,-7.1%,-1,-71.64378368730809,44.00003635595354,-6.666666666666667,0.0,0.0,0.0,0.0,6.666666666666667,13.333333333333334,13.333333333333334,13.333333333333334,20.0,13.333333333333334,20.0,40.0,46.666666666666664,46.666666666666664,33.33333333333333,26.666666666666668,26.666666666666668,13.333333333333334,13.333333333333334,6.666666666666667,0.0,0.0,0.0,0.0,-6.666666666666667
30,New Jersey,109,110,117,113,124,123,122,124,120,124,123,121,121,123,126,131,123,131,129,111,115,116,105,109,115,113,111,1.9%,2,-74.73319124635816,40.15362776503852,0.9174311926605505,7.339449541284404,3.669724770642202,13.761467889908257,12.844036697247708,11.926605504587156,13.761467889908257,10.091743119266056,13.761467889908257,12.844036697247708,11.009174311926607,11.009174311926607,12.844036697247708,15.59633027522936,20.18348623853211,12.844036697247708,20.18348623853211,18.34862385321101,1.834862385321101,5.5045871559633035,6.422018348623854,-3.669724770642202,0.0,5.5045871559633035,3.669724770642202,1.834862385321101
31,New Mexico,54,50,52,53,53,51,53,56,56,57,59,59,56,58,59,60,61,60,57,58,54,56,54,54,51,51,49,-9.4%,-5,-106.02437360243098,34.171606609132056,-7.4074074074074066,-3.7037037037037033,-1.8518518518518516,-1.8518518518518516,-5.555555555555555,-1.8518518518518516,3.7037037037037033,3.7037037037037033,5.555555555555555,9.25925925925926,9.25925925925926,3.7037037037037033,7.4074074074074066,9.25925925925926,11.11111111111111,12.962962962962962,11.11111111111111,5.555555555555555,7.4074074074074066,0.0,3.7037037037037033,0.0,0.0,-5.555555555555555,-5.555555555555555,-9.25925925925926
32,New York,210,202,202,196,194,200,202,206,206,208,214,209,203,214,217,213,194,200,191,175,176,166,163,164,172,170,165,-21.7%,-46,-75.81661085191729,42.75607105889355,-3.8095238095238098,-3.8095238095238098,-6.666666666666667,-7.6190476190476195,-4.761904761904762,-3.8095238095238098,-1.9047619047619049,-1.9047619047619049,-0.9523809523809524,1.9047619047619049,-0.4761904761904762,-3.3333333333333335,1.9047619047619049,3.3333333333333335,1.4285714285714286,-7.6190476190476195,-4.761904761904762,-9.047619047619047,-16.666666666666664,-16.19047619047619,-20.952380952380953,-22.380952380952383,-21.904761904761905,-18.095238095238095,-19.047619047619047,-21.428571428571427
33,North Carolina,112,112,123,128,124,130,142,144,144,143,151,146,147,148,152,157,151,157,152,135,145,130,123,127,129,123,121,8.0%,9,-79.8901769699535,35.235966213469794,0.0,9.821428571428571,14.285714285714285,10.714285714285714,16.071428571428573,26.785714285714285,28.57142857142857,28.57142857142857,27.67857142857143,34.82142857142857,30.357142857142854,31.25,32.142857142857146,35.714285714285715,40.17857142857143,34.82142857142857,40.17857142857143,35.714285714285715,20.535714285714285,29.464285714285715,16.071428571428573,9.821428571428571,13.392857142857142,15.178571428571427,9.821428571428571,8.035714285714286
34,North Dakota,45,46,48,48,48,48,49,47,49,50,51,52,52,51,50,53,51,53,54,52,53,54,57,57,59,58,55,22.1%,10,-100.30746104311581,47.4654244493382,2.2222222222222223,6.666666666666667,6.666666666666667,6.666666666666667,6.666666666666667,8.88888888888889,4.444444444444445,8.88888888888889,11.11111111111111,13.333333333333334,15.555555555555555,15.555555555555555,13.333333333333334,11.11111111111111,17.77777777777778,13.333333333333334,17.77777777777778,20.0,15.555555555555555,17.77777777777778,20.0,26.666666666666668,26.666666666666668,31.11111111111111,28.888888888888886,22.22222222222222
35,Ohio,247,246,251,255,252,254,267,262,261,261,267,257,263,271,267,275,268,271,264,239,250,238,218,232,234,215,207,-16.2%,-40,-82.6660333534567,40.19369155865036,-0.4048582995951417,1.6194331983805668,3.2388663967611335,2.0242914979757085,2.834008097165992,8.097165991902834,6.0728744939271255,5.668016194331984,5.668016194331984,8.097165991902834,4.048582995951417,6.477732793522267,9.7165991902834,8.097165991902834,11.336032388663968,8.502024291497975,9.7165991902834,6.882591093117409,-3.2388663967611335,1.214574898785425,-3.643724696356275,-11.740890688259109,-6.0728744939271255,-5.263157894736842,-12.955465587044534,-16.194331983805668
36,Oklahoma,88,90,93,96,95,96,98,99,98,98,101,102,103,105,101,108,111,110,113,107,107,109,106,105,106,102,97,10.1%,9,-98.71313075511728,35.31130734056481,2.272727272727273,5.681818181818182,9.090909090909092,7.954545454545454,9.090909090909092,11.363636363636363,12.5,11.363636363636363,11.363636363636363,14.772727272727273,15.909090909090908,17.045454545454543,19.318181818181817,14.772727272727273,22.727272727272727,26.136363636363637,25.0,28.40909090909091,21.59090909090909,21.59090909090909,23.863636363636363,20.454545454545457,19.318181818181817,20.454545454545457,15.909090909090908,10.227272727272728
37,Oregon,30,34,35,35,37,34,37,36,42,43,41,41,40,40,41,42,41,44,43,41,41,38,37,40,39,39,38,25.2%,8,-120.51501783529685,44.1118818988146,13.333333333333334,16.666666666666664,16.666666666666664,23.333333333333332,13.333333333333334,23.333333333333332,20.0,40.0,43.333333333333336,36.666666666666664,36.666666666666664,33.33333333333333,33.33333333333333,36.666666666666664,40.0,36.666666666666664,46.666666666666664,43.333333333333336,36.666666666666664,36.666666666666664,26.666666666666668,23.333333333333332,33.33333333333333,30.0,30.0,26.666666666666668
38,Pennsylvania,266,258,268,271,268,271,277,277,268,266,279,266,273,276,280,283,277,280,272,246,258,250,240,250,249,233,219,-17.7%,-47,-77.61305379693977,40.99332034735468,-3.007518796992481,0.7518796992481203,1.8796992481203008,0.7518796992481203,1.8796992481203008,4.135338345864661,4.135338345864661,0.7518796992481203,0.0,4.887218045112782,0.0,2.631578947368421,3.7593984962406015,5.263157894736842,6.390977443609022,4.135338345864661,5.263157894736842,2.2556390977443606,-7.518796992481203,-3.007518796992481,-6.015037593984962,-9.774436090225564,-6.015037593984962,-6.390977443609022,-12.406015037593985,-17.669172932330827
39,Rhode Island,9,11,13,11,13,12,14,14,14,13,12,12,12,12,11,11,11,11,11,11,11,11,11,10,11,11,10,8.9%,1,-71.49190553686694,41.66824150496447,22.22222222222222,44.44444444444444,22.22222222222222,44.44444444444444,33.33333333333333,55.55555555555556,55.55555555555556,55.55555555555556,44.44444444444444,33.33333333333333,33.33333333333333,33.33333333333333,33.33333333333333,22.22222222222222,22.22222222222222,22.22222222222222,22.22222222222222,22.22222222222222,22.22222222222222,22.22222222222222,22.22222222222222,22.22222222222222,11.11111111111111,22.22222222222222,22.22222222222222,11.11111111111111
40,South Carolina,61,62,62,66,66,65,70,72,75,78,82,79,81,82,89,87,88,88,86,80,85,81,74,71,75,74,72,18.0%,11,-80.96506934569396,33.63826519203516,1.639344262295082,1.639344262295082,8.19672131147541,8.19672131147541,6.557377049180328,14.754098360655737,18.0327868852459,22.950819672131146,27.86885245901639,34.42622950819672,29.508196721311474,32.78688524590164,34.42622950819672,45.90163934426229,42.62295081967213,44.26229508196721,44.26229508196721,40.98360655737705,31.147540983606557,39.34426229508197,32.78688524590164,21.311475409836063,16.39344262295082,22.950819672131146,21.311475409836063,18.0327868852459
41,South Dakota,12,12,12,12,13,13,13,13,13,14,14,14,14,14,14,14,14,14,15,15,15,15,15,16,16,14,15,25.7%,3,-100.2502154555375,44.216003252174715,0.0,0.0,0.0,8.333333333333332,8.333333333333332,8.333333333333332,8.333333333333332,8.333333333333332,16.666666666666664,16.666666666666664,16.666666666666664,16.666666666666664,16.666666666666664,16.666666666666664,16.666666666666664,16.666666666666664,16.666666666666664,25.0,25.0,25.0,25.0,25.0,33.33333333333333,33.33333333333333,16.666666666666664,25.0
42,Tennessee,105,101,107,117,112,119,120,123,122,123,128,126,126,124,126,127,129,129,122,104,111,107,101,100,105,101,104,-1.8%,-2,-85.97886026013984,35.83422151108732,-3.8095238095238098,1.9047619047619049,11.428571428571429,6.666666666666667,13.333333333333334,14.285714285714285,17.142857142857142,16.19047619047619,17.142857142857142,21.904761904761905,20.0,20.0,18.095238095238095,20.0,20.952380952380953,22.857142857142858,22.857142857142858,16.19047619047619,-0.9523809523809524,5.714285714285714,1.9047619047619049,-3.8095238095238098,-4.761904761904762,0.0,-3.8095238095238098,-0.9523809523809524
43,Texas,561,556,557,573,574,579,622,646,656,633,655,649,660,654,648,612,621,617,584,549,584,603,599,628,626,626,657,17.2%,96,-100.07872540954037,31.169735055284065,-0.8912655971479502,-0.7130124777183601,2.13903743315508,2.3172905525846703,3.2085561497326207,10.87344028520499,15.151515151515152,16.93404634581105,12.834224598930483,16.755793226381464,15.686274509803921,17.647058823529413,16.577540106951872,15.508021390374333,9.090909090909092,10.695187165775401,9.982174688057041,4.09982174688057,-2.13903743315508,4.09982174688057,7.4866310160427805,6.7736185383244205,11.942959001782532,11.58645276292335,11.58645276292335,17.11229946524064
44,Utah,55,54,55,57,58,59,59,61,64,63,66,64,63,64,66,68,69,71,70,65,65,65,62,68,66,64,59,8.1%,4,-111.54523970593996,39.49702342789985,-1.8181818181818181,0.0,3.6363636363636362,5.454545454545454,7.2727272727272725,7.2727272727272725,10.909090909090908,16.363636363636363,14.545454545454545,20.0,16.363636363636363,14.545454545454545,16.363636363636363,20.0,23.636363636363637,25.454545454545453,29.09090909090909,27.27272727272727,18.181818181818183,18.181818181818183,18.181818181818183,12.727272727272727,23.636363636363637,20.0,16.363636363636363,7.2727272727272725
45,Vermont,6,6,6,6,6,6,6,7,6,7,7,7,6,7,7,7,7,7,6,6,6,6,6,6,6,6,6,7.9%,0,-72.4706864998299,43.86960209912007,0.0,0.0,0.0,0.0,0.0,0.0,16.666666666666664,0.0,16.666666666666664,16.666666666666664,16.666666666666664,0.0,16.666666666666664,16.666666666666664,16.666666666666664,16.666666666666664,16.666666666666664,0.0,0.0,0.0,0.0,0.0,0.0,0.0,0.0,0.0
46,Virginia,96,97,99,103,102,104,109,111,113,116,124,122,121,125,129,131,124,130,118,107,110,101,99,106,105,105,105,9.1%,9,-79.45869804287975,37.9993108594586,1.0416666666666665,3.125,7.291666666666667,6.25,8.333333333333332,13.541666666666666,15.625,17.708333333333336,20.833333333333336,29.166666666666668,27.083333333333332,26.041666666666668,30.208333333333332,34.375,36.45833333333333,29.166666666666668,35.41666666666667,22.916666666666664,11.458333333333332,14.583333333333334,5.208333333333334,3.125,10.416666666666668,9.375,9.375,9.375
47,Washington,67,68,75,72,76,74,77,76,77,77,79,79,73,75,76,77,75,80,77,74,74,69,69,74,72,74,79,18.4%,12,-120.82595111961112,47.271512035035954,1.4925373134328357,11.940298507462686,7.462686567164178,13.432835820895523,10.44776119402985,14.925373134328357,13.432835820895523,14.925373134328357,14.925373134328357,17.91044776119403,17.91044776119403,8.955223880597014,11.940298507462686,13.432835820895523,14.925373134328357,11.940298507462686,19.402985074626866,14.925373134328357,10.44776119402985,10.44776119402985,2.9850746268656714,2.9850746268656714,10.44776119402985,7.462686567164178,10.44776119402985,17.91044776119403
48,West Virginia,104,96,98,99,107,105,108,112,116,116,116,105,118,115,112,114,114,116,112,91,102,99,93,96,101,93,95,-8.7%,-9,-80.18731287000378,38.921056611047504,-7.6923076923076925,-5.769230769230769,-4.807692307692308,2.8846153846153846,0.9615384615384616,3.8461538461538463,7.6923076923076925,11.538461538461538,11.538461538461538,11.538461538461538,0.9615384615384616,13.461538461538462,10.576923076923077,7.6923076923076925,9.615384615384617,9.615384615384617,11.538461538461538,7.6923076923076925,-12.5,-1.9230769230769231,-4.807692307692308,-10.576923076923077,-7.6923076923076925,-2.8846153846153846,-10.576923076923077,-8.653846153846153
49,Wisconsin,87,89,88,91,95,98,102,104,103,107,109,107,108,106,109,112,104,106,106,97,100,99,92,102,102,101,96,11.0%,10,-89.92655483982475,44.72081615883425,2.2988505747126435,1.1494252873563218,4.597701149425287,9.195402298850574,12.643678160919542,17.24137931034483,19.54022988505747,18.39080459770115,22.988505747126435,25.287356321839084,22.988505747126435,24.137931034482758,21.839080459770116,25.287356321839084,28.735632183908045,19.54022988505747,21.839080459770116,21.839080459770116,11.494252873563218,14.942528735632186,13.793103448275861,5.747126436781609,17.24137931034483,17.24137931034483,16.091954022988507,10.344827586206897
50,Wyoming,57,56,62,58,61,59,60,59,64,63,64,64,63,65,65,64,65,67,68,64,66,65,67,69,66,64,61,6.5%,4,-107.5525670460471,42.99854103121692,-1.7543859649122806,8.771929824561402,1.7543859649122806,7.017543859649122,3.508771929824561,5.263157894736842,3.508771929824561,12.280701754385964,10.526315789473683,12.280701754385964,12.280701754385964,10.526315789473683,14.035087719298245,14.035087719298245,12.280701754385964,14.035087719298245,17.543859649122805,19.298245614035086,12.280701754385964,15.789473684210526,14.035087719298245,17.543859649122805,21.052631578947366,15.789473684210526,12.280701754385964,7.017543859649122
